angel	forgotten	mist
17	around	comforting	find	forgot	gentle	graduated	grew	grow	jesus	job	leave	loving	mr	pretensions	simple	smooth	sounds	town
everyday
appreciate	death	fear	funerals	reminded	rip	souls	touches	your
changes	things
71	also	comes	feeling	puts	tunes
18	1966	47	67	able	aisle	apc	babies	both	dianne	down	driver	foreboding	girlfriend	gunner	hawaii	inducted	into	june	knowledge	laid	married	marry	might	months	senior	texas	took	usmc	walk	wedding
1964	also	before	charity	colour	concert	death	dvd	few	interviewed	june	length	norway	picked	rare	shop	weeks
47	contents	follow	god	grew	its	lord	muslim	places	praise	praises	seen	sure	type	universal	words
grew	lane
1970	favourites	grandfather	grandparents	jukebox	pub
fine	gentleman	player	tune	tunes
44yr	album	drift
england	fantastic	john
1966	coming
lps	player
1966	born	everyone	number
remembering
children	comfort
candy	fond	momma	oldies
known
goosebumps
cannot	furniture	grandparents	house	itself	piece	replicated	small	somehow	sound	suited	tone	vacuum	valves	wood
both	each	everytime	god	hums	late
59	almost	crash	death	plane	shattered	singers	untimely
army	home	join	left	piece	player	sure	till	told	wore
amazing	peter	remind	served	thinking
40years	drinks	few	house	party
captured	everyone	favourite	hrs	reliving	sadly	shares	spent
correctly	crash	disc	mr	news	plane	said	wire
30	47	australia	blue	caught	husband	started	straight	sung	western	whilst	words
asked	both	going	into	law	loving	mary	war
gentleman	mary
give	soon	taken
awesome	bless	distant	drums	god	inverness	jims	teens
genesis	punk	rock
cafe
2006	frequently	grandmother	quite	september	thinking	want
60s	70s	big	breakfast	dean	does	fix	gosh	hank	jimmy	jones	late	morning	nearly	pancakes	put	sausage	sunday	williams
cash	granddad	johnny	liked
arranged	beautifully	enough	era	kind	knowing	labor	lucky	produced	real	smile	written
track
around	awesome	cheer	down	face	grin	lane	other	trip
classic	hanging	sure	throw
31	babe	god	husbands	joke	months	rip	use	yrs
1974	brilliant	remind	wen
fell	gosh	tune	youth
94	az	classic	fm	gold	jack	kool	phoenix	posting	show	weekend	wolfman
thought
lady	north	oahu	shore	special	sunset	watching
42	attention	broke	choose	competing	guy	ladies	other	reconnected	turned
1990	bawled	beatles	broke	checking	elvis	gate	guardhouse	lump	sight	throat	together	wife	work	your	youtube
elvis	everytime	funeral	grandma	head
everything	imagine	side
broke	loving	regret	relationship	should	transparent	woman
along	amazing	blessed	both	curled	deep	fathers	give	glad	lap	mary	receive	sat	shared	showing	sung	together	welsh
reminded	usa	which	youthful
baritone	everytime	golden	swoon
11	adults	announcement	around	aunt	elvis	family	into	kitchen	shock	shocked	standing	tv	watching
rip
45	67	alive	bought	motown	sound	yo
19
black	college	fantastic	group	guys	probably	soul	steve	teens	thought	winwood
fantastic	rock
14	17	boot	fantastic	mono	stereo	steve	winwood
sure	thats
francisco	san
laura	wife
16	clearly	dancing	mama
everyday	hearts	laura	longer	remains
80s	depressing	tape	thing	thinking
banger	cars	lorry	meeting	race	racing
11	cd	grandad	learned	listens	lost	sadly	words
1993	como	italia	laura	turn
video	work
changed	daughter	dont	im	late	leoni	obviously	stuck	teens	thats	toddler	tunes	which
dads	favourite	lost	singers
absolutely	artist
dear	distant	drums	maybe	unforgettable
banned	bonnie	lies	lol	ocean	personally
1960	big	charts	hit	memorable	wander	weeks
lol
14	20	90s	ask	bullshit	called	contact	courage	facebook	flowing	found	friends	happily	joking	kids	laura	living	married	messages	met	part	plucked	separate	true	ways	went
blackstone	crossroads	laura	lived	wonder
use
forget	gonna
along	grandad	grandparents	nan	rip
different	experienced	head	shoulders	things	younger
caretaker	embarrassing	everyday	find	men	need	tommy	usually
also	check	choice	completely	composure	couldn	favorites	funeral	grandad	guess	hit	home	kept	lost	mary	melancholy	named	nan	peaceful	perfect	quite	relatively	service	soon	started	thinking	throughout	uplifting	utterly	which
chronic	constant	danced	dancing	engaged	husband	mining	pain	worked
alive	feelings	living	prime	teen	younger
73	alive	lord
20	21	3rd	acknowledge	also	anita	anna	before	damn	depending	few	gf	grocery	hadn	hooked	house	into	knows	macias	might	moment	mothers	oct	ran	reconnected	store	tv	watched	whether
73	around	elvis	king	late	let	stay	talk	true	watch
believe	hard	less	re	than
bedroom	deep	elvis	etc	forget	here	looks	oldie	posters	singers	surpass	tuning	videos	wall	younger
58	before	booth	bought	changed	chemist	local
1965	2018	25	53	78	band	called	decca	fun	gets	golden	hello	included	june	knows	list	lost	might	miming	net	presidents	recording	reflection	released	rock	romance	together	trend	video
wasn
6pm	become	big	called	channels	dances	going	group	home	hurry	kings	local	star	teen	teenage	tv	went
31	greatest	ll	rip	start	your
angel	blue	christmas	gram	lps	orbison	roy	stereo
16	aunt	cousin	cute	dum	everywhere	haha	lonely	orbison	roy	yeh
concert	pictures	took	visited	ya
awesome	bro	brother	cat	few	greatest	roy	stevens	thats	though	tie	whenever
bless	god
fantastic	grandparents
album	boyfriend	loosing	wore
asked	couldn	decades	developed	different	done	impossible	interview	learned	nobody	person	probably	roy	said	someone	something	style	tell	told	why
1988	able	appreciation	drop	enough	few	front	lucky	november	pin	roy	said	uk	unfortunatley	weeks	went
able	done	fantastic	quality	revisit	singers	superb	through	took	treasure	video	youtube
able	also	anyone	artist	charts	crossed	grows	happened	impeccable	perfection	pop	pure	shot	sung	technically	unforgettable	which
oldies
grannys	party
40	anything	lou	nc	raleigh	thought	top
45s	bursting	gave	hello	home	honey	house	said	until	walls	why
end	thought	yes
1985	86	doing	help	please	soulful
holiday
apply	lots	navy	words
grew	hall	party	rock	roll	town
1950s	1960s	ole	opry
entertainment	forward	late	least	lip	look	started	weekends
remembering
girlfriends	jukebox
ya	yes
mama
1979	asked	bar	barbados	barmaid	bought	coffee	dec	disc	europe	hank	here	label	lp	middle	next	paper	pickwick	postings	rare	singin	store	unknown	wrote
kind
hank	locklin
chair	clack	clipy	daddy	rocking	sleep	use
getting	unbelievable	yokel	younger
fed	figure	force
few
omg
gives	gold	grew	recall
57	hood	into	remind	weeks	yes
admit	water	your
calling	find	grandparents	hate	hillbilly	myself	other	reason	rock	than	whatever
artists	black	night	saturday	sharing	sure	tv	white
around	delivered	heads	message	minutes	records	ring	thumbs	unbelievable
bed	dancing	imagine	place	sick
dancing	lt	stories
55	dancing	posting	watching	wedding
reminiscing
30th	august	learned	roller	skate
everyday	family	happiness	teen
62	married
drinks	family	few	friends	togethers
definitely
40yrs	club	engelbert	night	remind	waltz
grandma	grandpa	kind	ol
radiogram	records
bad
end	lingers	mind	must	nice	should	until	waltz
grandparents	seven	strange	understand
dancing	grandparents	hope	wherever
charge	church	liked	person	wedding	went
around	aunts	end	floor	late	mid	older	receptions	twirling	uncles	wedding
engelbert	humperdinck
1968	griffiths	instructions	mrs	primary	shouting	student	taking	teacher	waltz
already	danced	daughter	hand	hands	happened	hold	hug	junior	lend	night	papa	prom	remained	saying	senior	thing	tight
boyfriend	sentimental	theme	yahooo
1960s	bus	fairground	happiest	innocence	largs	pal	remind	trip	waltzers	went
late
ex	girlfriend
remembering
bedroom	below	kitchen	sun	sunset
friend
1970	british	club	legion	tranent
60th	anniversary	danced	diamond	their	wedding	weekend
1969	danced	exact
2016	before	daughter	mant
marvelous	tastefully
amazing	era	fell	grow	lucky
anymore	blast	house
15	20	far	until
11	15	1927	2009	april	dancing	feb	jensen	june	living	remembering	room
anyone	remembered
also	blasting	elvis	frank	full	grandma	grew	house	jones	passion	presley	sinatra	tom
another	find	girlfriend	guy	left
funny	thought	yrs
everytime	granddad	phenomenal
sunday
1977	reminding
anytime	careful	daddy
1968	engelbert	glad	grew	real	released
coming	daddy	hang	home	loves	next	omg	philippines
20	grandfather	grandpa	heaven
place	rewind	something	tried
flashback	july	remains	uncles
bottom	cause	creator	everything	granddaughter	here	law	papa	re	right
each
album	engelbert	humperdinck	list
closing	help	lost	nothing	relive	remove	your
2018	pops	someone
own	stirs	written
better	fantastic	person	place	relive	sounds	special	your
lonely	partner	please	sin	someone
1975
amazing	blast	buried	deep	haven	mid	mind	power	real	seventies	something	suddenly	surface	transport	your
amazing	damn	everything	felt	gave	its	ok	reminding	sharing	should	yet
right	thats
down	fantastic	lane	omg	replaced	talk	trip
almost	posting	teary	vivid
band	catchy	magic	right	though	track	tune
brothers	sisters	uploading
classic	nowadays	pilot	younger
dream	few	happier	look	moments
bringing	comparison	fore	kids	knew	looks	mattered	modern	musical	offerings	pale	real	realize	than	themselves	youtube
closing	evokes	front	future	spend	twenty	wishing
50s	mid	suddenly
25	afterwards	attendance	attractive	called	dairy	disco	doing	drive	driver	drivers	enjoyed	equipment	especially	fork	help	john	ladies	lift	london	mobile	other	pack	parties	ran	set	sloop	stay	truck	turn	various	west	worked
70s	drop	emotional	middle	pilot	simpler
glad	pleasure	southam
birthday	buying
49	uploading
part	pilot
tune
aunt	remind
amazing	anthony	clich	concerned	full	walsh
12	also	any	caught	different	eye	incurable	issue	look	months	motown	platform	realize	rock	romantic	though	undergraduate	vividly	why	woman
14	21	30	another	anyone	cheated	dated	else	let	married	marry	mary	naver	thornwell	wait
20s	62	captivating	god	hi	holgmany	house	karaoke	mid	new	parties	rest	soul
1997	59	aged	around	australia	belfast	both	drinking	incurable	left	murray	romantic	ruby	sadly	same	smoking	soon	sydney	victim
bless	brother	heartthrob	innocent	older	ruby	simpler
20	another	awake	barrack	bond	fellows	nights	room	said	should	stay	sunday	ted	tooting	top	version
60yrs	fast	gram	magical	masters	moments	putting
13	mums
76	aussie	fan	keen	mad	sure
looked	sounded
1950	58	8th	along	basco	beginning	brother	fellow	ginnie	ginny	going	grade	graduated	havu	knew	maddox	nickname	older	once	other	skip	skipper	spelt	students	teenage	their	together	virginia	walter
brewer	cleaning	house	sounded	teresa	use
page	patti
72	bought	im	off	reach
75	todays	youth
big	brewer	fan	kinda	lady	named	partial	sharing	teresa
amazing	billy	darling	heaven	jillian	least	log	place	week	whole	wide	your	youtube
billy	eckstine	full	melancholy	warm
billy	cardiff	concert	eckstine	met	sixty	together	uk	wales	went	wife
gem	posting	share	superb
teen
1950s	alive	beach	bet	billy	eckstein	golden	island	lido	room	sounded	sounds	standing	took	tour
50s	bye	club	impersonate	kyrill	morgan	mr	trinant	use
50s	family
along	boone	clearly	danial	door	ed	green	hilarious	oddly
1962	ames	boone	born	character	connect	daniel	ed	mingo	niece	quite	series	until
1989	around	born	daughter	hold	house	months	precious	stumbled
almost	ames	carson	ed	hilarious	johnny	lost	manhood	show
2002	generations	grandparents	head	stuck	through
61	born	clever	grandfather	voices
actually	baby	chorus	daughter	haha	sharing	step	ve	video	whole
55	born	literally
2015	brain	comes	down	embedded	fifty	filtered	flooding	granddaughter	grandsons	into	nine	parts	subconscious	three	ve	yes
26	above	adore	baby	beloved	daddy	heaven	kisses	listens	thousand
happier	reminder	sincere
computer	experience	sit
covey	emotion	female	fifties	singers	sixties
1952	born	entirety	its	lullaby
17	another	army	bitter	exact	home	join	left	morning	story	turned
children	fortunately	going	goodbye	haven	jimmy	married	named	older	raised	say	sharing	started	steady	two	until
23	brother	crying	hearts	jimmy	stopped	want
billy	brother	far	felt	happier	jimmy	lullaby	nickname	nicknamed	nonetheless	sharing	tyke	upbeat
danced	girls	god	hurts	million	terribly	thinking	tune	uploading
94	bless	dry	fifty	going	hand	look	mangle	putting	seven	strong	through	washing
funny	thought
older
friend	july	left
badly	jimmy	may	though	try
13	appeared	enjoy	posting	wanting
usa
shows	tv	watch
1950s	dickie	remembered	valentine
50s
asset	consider	corn	crooner	dickie	earned	entertainer	guy	microphones	near	period	rip	sadly	silk	their	words	writers	writing
6rtr	germany	munster
absolutely	ernie	ford	forgotten	should	whenever
brilliant
crazy	post
1954	55	afn	army	germany	hdqrs	hit	luxembourg	night	seventh	stuttgart	uk
younger
believe	crying	posting	write
broken	copy	fifties	found	here	mine	pleased	put	youtube
morning	saturday
kind	morning	sunday
16	1963	youth	yrs
missing	must
clasmate	danilo
brenda	dear	emotions	late	records	turn
1963	boat	bye	decades	holds	numerous	strong
meaningful	performing	turn
end
12	1963	brenda	lee	pretty
beautifully	classical	hauntingly
melody	sends	tune
11	booming	foley	gal	introduction	red	sure	tv
flies
anything	backwards	currently	enriched	era	exchange	fact	forwards	garbage	goes	going	issues	kids	lives	matter	previous	teen	terrific	their	tune	wise
1963	senior
13	1963	explosion	happening
brenda	davis	exposed	grew	skeeter	soul	until	version
brenda	crush	lee	lol	older	than	two
big	bless	chart	found	god	sisters	why
artist	brilliant	everlasting	greetings	ireland	youth
davis	hard	skeerter
2006	broke	down	left	sixties
ends	guess	human	knowing	literally	lots	meant	reasons	someone	suppose	toddler
cancer	lord	took
video
thankful	youtube
apart	clock	drifted	gail	turn
film	grow	hit	knowing	stars
asking	better	bringing	lived	station	which	why
60s	70s	november	remembering
another	dreams	kind	magical	mesmerizes	nostalgias	soul	spell	word
fav	late	lonely
16	1963	youth
adore
1963	63	accident	also	avery	bad	basketball	big	brenda	champs	dear	devistating	friend	graduation	grandfather	junior	kennedy	lost	night	part	president	second	senior	shoot	small	state
absorbed	knew	may	sleep	understood	word
enough	liked	meaning	understand
across	cement	hardened	stumbled	ve	version	wet
1963	barber	cents	haircut	home	lunch	morning	paid	plus	saturday	shop	sitting	snowy	sounds	tip	waiting	went	winter
dedicated	tara
pictures
omg	please
11	2014	car	grandfather	heaven
56
brother	elder	fantastic	popular
angst	challenges	real	teenage
1992	2015	55	71	witch
13
cruise	dances	everything	generation	goes	head	living	moms
grade	hope	kind	maggie	moved	shortly	th
34	car	im	oldies	others	station
60s	70s	80s	bodies	bouncers	dances	drugs	each	favourite	missing	money	mutilate	night	other	ourselves	park	parties	piercings	police	refreshing	respected	rock	spend	summer	tattoos	tenderness	your	youth
anybody	ooh	pain	reminded	same
both	boyfriend	friend	kept	shame	stole
woman
boarding	children	choice	comes	due	felt	hoping	looking	mind	money	nor	sharing	thirteen	visit	windows
sure
dumped	emotions	full	girlfriend	loss
40	hit	top
evokes
yes
13	1960	ageless	already	appreciate	artists	connie	francis	knew	others	taught
changed	glad	gorgeous	handsome	history	human	humanity	knew	men	movies	must	pity	say	wise	women	word	worse	youngster
lonely	medicine	oldies	ones
marvelous	moments	nice
happened
better	bless	brenda	god	lee	marvelous	may
million
sounds
before	believe	forgive	instantly
ate
find	here
2018	marvelous	moments
2018	dear	remembering	sironaca
forgot
cared
bringing
67	mean	older
17	1962	56	along	friends	going	here	korea	memorize	popular	speakers	through	town
12	1963	alabama	allowance	anything	brenda	buy	case	cent	couldn	earnings	earplug	else	everyday	fair	greater	gulf	japanese	lee	meet	minute	mobile	night	performance	performed	records	single	sleep	state	stayed	transistor	went
1963	dates	doze	hope	off	right	snow	snowy	south	upper	winter
catchy	nice	simpler	tune
awesome
14	15	around	contest	danced	dancers	part	party	philippines	romantic
same	stays
everyone
benson	reason	robbie	tune
sears
simple
backlash	peers	social	worry	your
english	learned	though
does	flood	germany	mind	stationed	usaf
commercial	tv
ex	rides	sunday
although	cupcakes	film	hot	mellowed	other	saw	soundtrack	summers	wanted
another	classic
40	sears	which	words
evokes	timeless	yearn
distant	hope	however	karen	lives	lost	new	ones	through	totally
another	chinese	deeply	english	forget	nearly	say	small	town	twenty	two
1970	backyard	kind	outside	own	patio	sitting	softly	stations	sun	wonder
band	someone	sound
70s	awesome	cant	knock
morning	sung	woke
albums	friends	precious	teen
oldies
group	holds
aunts	house	livingroom	stereo
16	incredible
1976	certainly	dances	find	hard	memorable	records	smile	stand	tracks
lady	special
definitely
1977	9th	fell	grade	graduation	john	jr	real	summer	wannamaker
19	australia	camping	cassette	deck	fishing	gets	lonely	north	older	passes	quickly	remote	sometimes	though	through	twin	western
76	conversation	drink	fantastic	hold	intro	mobile	phone	right	seen	summer
college	dream	graduated	ibm	job
marvellous	miracles
chester	pa
70s	box	cd	damn	danced	room	worry
homesick	oldies
40	angel	comparing	idea	merry	nice	perhaps	yester
14	45	disc	home	penny	player	rpm	save
driving	grade	riding	son
28	beach	car	fell	felt	grandma	summer	sunny	thats
12	1976	aged	belts	disco	funfair	holiday	minehead	nearly	off	records	safety	spinning	summer	thrown	waltzer
artists	group
18	1976	taken	want	whenever
actually	dancing	fun	soul	train	watching
15	actually	air	angels	behind	blue	brand	called	crowd	eagle	entire	fighter	flight	flying	introduced	jet	large	new	perform	pilot	plane	saw	show	speakers	strike	through	went
47	its
bbc	chicago	dancing	disco
appear	generation	new	want
dec	greetings	mabuhay	northern	part	philippines	reminiscing
20	before	extreme	karen	longing	period	reason	rip
across	yeas
beat	beautifully	cancer	carpenter	close	doing	each	friend	haven	hope	identical	joy	karaoke	karen	liked	lost	remind	said	swear	talked	touch
changed	looking	rather	seems
awesome	material	tune
chinese	freedom	grandma	mcdonald	want
want
carefree	its	kept	places	remain	reminded	right	things
better	funner	less	simpler	tech
car	carpenters	riding	their	tunes
everything	jeez
70s
07	1977	august	carpenters	exactly	husband	met	nice
57	fast	looking
19	cassette	cassettes	change	collection	keeps	tape	through
license
2016	22nd	daughter	july	remembering
29	dated	impossible	june	lane	owed	pay	taught
29th	48am	dubai	full	june	unforgettable
cried	elementary	feeling	flies	getting	quite	stronger	understand
cause	crying
15	friend	reminded
anymore	anything	before	changed	fast	fix	innocent	person	re	relive	things
alive	comment	common	doing	everything	eye	find	gives	gonna	goosebumps	ha	internet	isn	leave	ll	maybe	sometimes	teary
2018	august	la	nonstop	sha	shines	woah
arrangement	drum	perfection
27	97	around	flash	grandma
floods	head	off	recently
here	june
absolutely	apologies	bad	blow	habit	melody	mistakes	relaxed	send	steam	student	want
18	although	backseat	car	english	kindergarten	learned	means
africa	east	kenya
1973	angel	carpenter	karen	may	rip
73	although	angel	big	called	contemporaries	course	friends	glad	graduated	hs	knew	oldies	sisters	teen	words
16	1st	68	compare	fast	flies
kindergarten	teacher
12	51	changed	junior	smiles	teenage
14	grandmother	remembered	which
along	grow
finally	find	tons
mp3	player	remembered
beside	longing
1973	64	greatest	hit	september
everytime	kind	musics	traveling
clearly	comeback	noise	omg
amazing	night	sleep
cassette	classic
1970s	elementary
cried	getting	healthy	older	realized	return	sell	stay	ticket	want
hahaha	nice
40	before	behind	beloved	friends	leaving	nearer	unforgettable	which
1970s	40	able	afford	already	band	break	broadcasted	carmen	castes	china	classic	conservative	enough	faction	firm	here	image	iron	player	poor	streets	strong
36	karen	lost	painful	sadly	weird
baby	carpenters	damn	hit	lol	loud	lullaby	tape	yes
top
anymore	here
1973	46	along	canadian	carole	dating	experienced	flautist	free	french	lives	once	others	place	responsibilities	student	thats	through	transports
30	mind	primary	romantic
deceased	sentimentality
12	begin	girls	myself	romantic	said	vision
behind	carpenters	couldn	introduced	karen	left	putting	repeat	stay
car
1974	album	around	arrangements	bringing	brothers	cathy	fell	floor	house	karens	living	masterpiece	neighbor	none	player	pop	princess	room	sat	second	singles
40	brother	children	younger
forget	grade	sixth
die	hard	youth
happiest
grew	nice	touches
once
decency	meaning	once
also	bad	sleep
once	want
1973	45	along	australian	cargo	coast	communication	composition	destination	headed	melbourne	mesmerized	purchased	reaching	receiver	rpm	sailing	ship	station	store	style	suddenly	thing	unknown
70s	fresh	give	sadly	sounds
afternoon	cassette	sunday	vibes
almost	everytime	its	piece
5th	certainly	cried	elementary	english	grade	sure	waiting
melted	once	re
1956	attention	big	century	coming	desoto	everytime	face	half	honestly	karen	left	liked	nearly	rich	riding	say	seat	smile	soon	truly	yours
80s	happiest
bringing	karen	lots
familiar	rhythm
clearly
actually	family	friends
1973	almost	beach	fl	ft	once	spent	two	vacation	walton	weeks
friend	lost	once	show
fond	golden	top
also	bringing	cousins	didnt	doing	down	drive	emotions	fill	hey	innocence	karen	kids	lane	nuts	real	records	rip	seems	soon	spin	trip	weekends
changed	line	rather	reversed	seem	strike	vietnamese	want	which	words
believed	check	cover	free	means	nice	ones	page	please	slow
remind
1973	date	lingers
grew	shame	types
70s
1960	2018	40th	bkk	born	europe	friend	till	use
20	close	express	meet	single	than	till	ve	words
use
1976	6th	class	glasgow	grade	hansen	montana	teacher	their
album	christmas	favorites	grew	their
clearly
bringing	finally	found	let	part
heaven	introduced
feeling
2018	amazing	clearly	natural	once	talent
1970	beneath	carpenters	earpiece	guam	june	landing	landscape	late	nice	unfolded
around	fabulous	trips
please
anymore	crazy	laugh	recall	things
strongly	understand
15	60s	earlier	funny	longed	look	relate	reminiscing	younger
both	left	your
40th	already	once
album	car	finally	found	grandpa	japan	shalalala
afternoon	middle	plays
into	making	myself	night	stop
30	competition	emotions	finding	forgot	lived	memorized	singers
flashing	keep	mind	seventies	whenever
actually	against	chinese	countries	different	doesn	each	english	fight	humanity	loves	other	races	said	something	till	together	ugly	understand	weeping	which
changed	looking	rather	seem
cant	found	help	room	stop	tape	understand
affordable	among	bought	brand	buy	cheap	cool	current	display	easter	egg	enough	feature	gather	higher	included	inside	lacks	managed	money	mp3	ones	player	sadly	something	sorts	struggling	usb	which
expect	gives	goes	listener	quickly	recalling	serenity	silence
appreciate	due	eighteen	eleven	family	knew	melody	nice	pain	resonate	strongly	struggling	studies	ten
alive	felt	stell
ballroom	capital	dancing	disco	dj	edwards	friday	greg	jesus	london	lyceum	night	radios	town
lots
3pm	brother	busting	everyone	flick	friends	handball	home	neighborhood	saturday	shaw	tail	until	watch
birmingham	blades	silver	sundays
14	15	bar	barman	feed	jukebox	keep	knew	pop	uk
11th	absolutely	july	rip
band	bringing	darlington	done	england	fabulous	shirley
1963	1965	1979	57	climb	comes	into	machine	moves	press	respects	stuff	want
60s	amazing	before	born	captial	gold	grow	harmonys	sunday	their
1966	45	among	bought	certainly	exciting	faces	full	genuine	harmonies	hollies	its	perfect	perform	player	pleasure	singers	smiles	soaring	teenage	thirteen	tired	watch
bobby	drumming	drums	elliott	hollies	immediately	older	perfect	records	say	sisters	struck	tried	twenty	yes
carl
45rpm	bringing	brother	home	yardbirds
british	fast	invasion	slipped
against	anti	beatles	beginnings	burn	doob	establishment	guard	guys	kids	protest	revolt	soldiers	sort	thing	wanna	witnessing	yarbirds	youth
12	1966	ahead	cats	deserved	given	musically	priceless	props	their	yardbirds
timeless
husband	met
agree	albums	awesome	books	brother	elvis	few	freaking	handsome	history	intrigued	library	millions	peace	presley	read	records	rest
air	before	popular	senior	summer
compassionate	confessing	each	feelings	filled	flashbacks	italy	living	lovers	other	southern	street
heaven	sung
car	remind
awesomeness	benson	brilliantly	george	glen	pure
party
cassette	horrible	quality	recorded	recorder
remembered
born	gentle	innocent	pure	sexuality	violence	why
90	youth
lasted	their	wedding
1985	80s	find	into	looked	released	swear	until
18	fast	goes
17	1987
1988	backyard	friend	learning	slow	summer
80s	experienced	hahaha
40	90	era	experience	glad	mid
anyone	clock	else	knowing	ll	messed	rest	thing	turn
build	machine	must	need	please	someone
ask	damn	dances	jr	nerve	someone	working
32	loving	met	mine	reconnected	stopped
change	feeling	gonna	its	nothing	same
1980	car	forget	kill	lady	together	wreak
actually	boys	call	date	jobs	living	longer	marriage	mattered	money	path	phone	place	romance	seemed	taken	things	value	worth
classics	timeless
met	wife	woman
brain	coming	youth
17	1987	aren	awesome	kids	lasted	raised	together	wedding	why	wonder
18	1988	fond	form	leaving	party	sixth	summer
dancing	era	girls	magic	parties	wonderfull
family	felt	friends	moved	together
close	flashback
12	beauty	gave	innocence	puppy	recorded	released	serenity	stay	swore	tape
17	19	1987	30	almost	beach	each	exactly	girlfriend	gives	incredible	mind	other	same	video	watching
90
especially
kind	thankful	younger
17	although	going	holiday	italy	restaurant	tv	ve
stomach	turned
bits	chick	hats	phone	your
40	doe	eyed	fell	flies	future	innocent	knew	must	optimistic	seemed	tv	watch
18	30	better	nothing	succeed	sweetheart	than	true	try
holiday
mix	tape
anymore	fun	glen	making	recently	why
80s	build	machine	need
grow	legendary
80s
brother	drive	lake	reservation	roads	sunrise	use
80s	90s	changed	things
14	1966	faces	fantastic	john	rip	scott	version	voices
60s	absolutely	brilliant	brothers	escape	fire	handsome	into	luton	ritz	saw	walker	went	wife
please
60s	colors	down	fantastic	hendricks	hippy	jees	jimmie	john	lady	omg	place	same	shouted	uk	wearing	went
14	faithfully	marry	option	ready	scott	steady	totally	unfortunately	walker	wanted	watched
almost	painful	period
13	calypso	dances	doing	girls	going	hit	line	passionate	romantic
england	minute	ready	steady	teen	theicewitch54	watched
brilliant	its	mums
1996	60s	bought	brilliant	concert	denisex	distant	going	hemel	hempstead	hit	pav	pavillion	performed	pop	sharing	summer	their	top	volume	warm	wishes
grew
along	bliss	mums	right	sheer	side
1966	certainly	changed	hair	hey	kicked	wearing
awesome	bands	brothers	else	endless	energies	era	etched	experiences	gary	hearts	john	matters	nothing	raised	re	rip	rock	roll	scott	their	walker	yes	youth
16	53	crush	feeling	found	girlfriend	heartache	same	sign	true	written
attached	goosebumps	melodrama	sept
attached	big	mysterious	place	teens
please	real	simpler
absolutely
alive	felt	optimistic
favorites	new	timeless
anymore	broke	going	rise	sun	thought	yeah
big	give	wendy	whatever
63	brilliant	cam	certainly	classic	era	hits	tune	vocals
66	almost	bar	beggar	blind	box	classic	cornell	forehead	george	innocent	juke	killing	kray	march	outright	sat	shot	straight	through	timeless	whitechapel
called	crap
crazy	non	stop	teen
audio	cassette	rap	tape
germany	jam	stationed
wise
club	jumping
club	teen	texas
club
1980s	cool	guy	lil	look	wayne
80s
damn
2000s	90	90s	dancing	fiance	floor	generation	new	night
girls
beats	better	cant	gardens	god	roller	rolling	skating	top
def	down	reminiscing	rink	skating	track
ah	classic	damn	dope	floor	friends	hell	here	literally	right	shit	tear	track	use
ah	awesome	rink	skating
88	89	everybody	fl	groups	looking	new	tyndal
1988	anyway	chance	hating	jams	kind	rapping	rocking	whatever
everything	say	than
70s	bath	bathing	precious	real
2009	6th	became	boyfriend	cassette	ex	grade	husband	late	lol	pass	sent	use	whenever
80s	car	deceased	each	getting	give	hard	knew	other	something	turn	usually
1980	40	blink	cat	doggo	enough	existed	eye	feels	forgotten	gives	ish	lady	ll	lucky	probably	right	saw	serenading	until	warm
big	hit	say	than	words
airport	broken	goodbye	here	moving	saying	state	truly
often	sings
feels	fresh	relate
feeling	omg	throw
carefree	joyful	leo	remind	yes
broadcasting	classic	corp	enjoy	excellent	srilanka	youth
30	apropos	gives	innocent	nice	smile
january	looking	next	nothing	seat	sitting
inhaling	soon
danced	maine	portland	roller	skated	sweethearts	wedding	wheels	wife
80s	humming	proud
another	garbage
liked	moment	morning	open
14	82	danube	exactly	falling	feeling	hand	kiss	shores	summer	tied	walks
1981	birthday	care	ladies	shelter	tasmania	tassie	women
62	chevy	driving	flatbed	forgotten	lol	middle	momma	rip	say	stood
mind	warms
60s	70s	80s	beat	getting	nothing
remind
before	feeling	fresh	gives	green	leaving	leo	single	tracks
1980	20	different	drove	girlfriend	indiana	least	phoenix	stations
better
1998	friend
1980	discos	machine	madrid	pubs
mine	moons	younger
alright	classic	mate
better	feelings	inside	older	place	sung	touched	understand	words
60s	70s	drives	turns
above	amount	bitter	bringing	cherished	enormous
born	date	real
13	boyfriend	cause	field	loud	myself	reminded	trips
1954	anyone	aware	born	captured	commented	elvis	emulate	gifted	grandmother	imagination	others	popular	presence	presentation	sound	started	through
21	28	bought	car	cd	crying	divorce	down	driving	ended	loud	marriage	rolled	turning	windows
