16years	although	emotional	fan	golden	jim	lord	loving	reeves	relaxed	vouch
1st	2nd	30	47	blessing	convince	december	granted	hope	later	leave	lou	marry	mary	nam	pray	reality	receive	served	tour	viet
wherever
close	king	number	place	taking
anytime	begin	bet	future	goes	ill	radio
64	father	jim	reeves	remember	used
beared	coffin	crematorium	father	favorites	late	meaning	special	top	tribute
100	29	albums	along	australia	boxer	college	daddy	eric	grandma	grandpa	guess	jim	least	maybe	mine	mr	myanmar	next	presented	reeves	sir	top
entertainment
blues	rhythm	rock	roll	soul
baby	blow	guaranteed	mind	part	roller	steam
absolutely	lord	off	showing
different	familys	generations	quality
anytime	distant	drums	emotions	especially	eved	jim	overcome	reeves	teary
die	mother	word
lovey
60	melts	prepare	rocker	usually
absolutely	appreciate	boast	element	enjoyed	jim	least	older	posting
across	appreciation	innocent	jim	reeves	reminds	rightly	thread	united
boy	elder	favorites	interpretation	mother	number	plausible	raise	sisters	three	tom	treat	whose	wig
1960s	boy	brought	early	knew
boy
1967	audio	autobiography	book	erudite	pete	rather	reading	recommend	spoken
calling	dear	different	distant	drums	flowing	gone	jim	meaning	mum	oh	reeves	takes
drumming	known	lifts	sensational
rhythm
changed	controlling	four	mine	parents	three
asked	childhood	friends	mom	started	stop
100	along	beatles	dylan	stones
album	doubt	handedly	story	tommy	unbelievable	weird
barry	done	mix	motown	orchestra	palmer	reminds	robert	unlimited	white
builds	crescendo	favorites	magnificent	matched	rarely
broken	fell	hearted	home	road
60s	90s	95	alive	appreciate	cut	enthusiastic	folks	grown	hardly	magic	meaning	oh	playing	short	talking	through	uhh	wanna
beat	drummer
arrangements	arrangers	background	classics	credit	deserved	dramatic	orchestrators	powerful	probably	sharing	youth
dropped	found	let	trailer	week
cause	must	parents	phones
camels	desert	east	job	let	middle	parts	saw	side	till	trailer	wondered
hears
mom	told
miss
along	cry	king	pics
generations	lived	prefer
guess	late	leave
care	chance	give	hard	keep	lost	met	ones	pushing	satisfied	showing
able	fulfill	gentle	left	lisa	marie	princilla	soul	started
jackson	michael	presley
awesome	loss
16
alone	die	going	grew	hard	learned	probably	relationship	show	told	whenever	woman
barbiedolly	glich	maybe	meant
2nd	build	grade	memory	treasure	youth
attention	joint	pay	relates	situations
given	helps	inspirational
bass	david	forget	funk	give	jamie	jamison	levi	marvin	motown	others	smokey	stubbs	tops	troubled	underrated
legend	power	seventeen	soul	vocal
17	davis	goes	maybe	primary	school	son	spencer	steve	teacher	while	winwood	wrote
16	hard	said
blow	tried
black	natural	soul
aren	popular	recognized	shame	smashing
60	comments	idea	read	stevie	until	winwood
100	absolutely	excellence	gold	line	masterpiece	memories	phenomenal	pure	solid	standard	talent	top
appreciated	beyond	invent	machine	please	realize	somebody	soulful	steve	teens	under	virtuoso	younger
1967	aint	peace	touch
case	give	point	rest	shot	told
discover	fabulous	group	often	share
22	60	adaline	ask	brought	daughter	enjoying	evening	viewing	youngest
bad
executed	exists	home	past	reminiscing	tells
14	grandma	introduced	shall
laura	thomas	tommy	wifes
1960	finest	singles	stands
afterwords	happened	lost	though	wonder
relax
keeps	laura
appreciate	shout	teens	tunes
highlights	tragedy
17th	coincidence	favourite	happens	laura
cheap	compilation	decent	laura	park	pictured	skank	trailer	until
adds	comfort	create	knowing	laura	maybe	personal	sorrow
crap	grew	sort
created	forgotten
cases	finished	half	others
1960	21st	century	certainly	vintage
calmer
bear	seem
careful	entertainer	person	please	talking
concert	history
gorgeous
king	known	rated	under
delivery	face	high	last	notes	part	satisfied	sings
american	artist	blues	doubt	james	lifetime	listened	maybe	prolific	said	statement	take	taylor	three	white	writers	written
awesome	coolest	person	sung
once
appears	concert	enjoying	fine	gone	priscilla	ride	year
certainly	earth	fella	gorgeous	however	imaging	left	looking	mark	rolling	soon	stunning
awesome	blues	comparison	doubt	genres	incredible	mr	presley
beginning	king	laughs	looks	side	thinking
background	blues	parody	period	playing
bluesy	comfortable	definitely	low	roots	style
bless	miss
angel	artist	concerts	died	earth	effort	handsome	peace	rest	sufferience	unique
masterpiece	minutes	perfect	recoding	studio	wonder
coming	else	gone	keep	special	videos
cover	forget	harmonica	key	making	soooo
absolutely	bless	burton	entertainer	glen	hardin	heaven	james	tcb	vocalist	yuo
performance
bone	call	interpreter	liked	masterpiece	proof	together	yet
adore	biggest	handsome	history	hot	sexy
close	entertainer	peace	rest	sent
40	burton	james	must	nelson	rickey	rocks	stolen
compared	king	others	stealing
favorites	gold	perfect	pure
adam	backing	barry	faith	john	orchestra	pizzicato	records	strings	superb	technically	use	wasn
50s	60s	aunts	born	genuine	grew	heartfelt	late	orbison	preferred	raved	sung	uncles
based	known	performer	popularity	solely	talent
50	60	soul	unlike
baritone	bass	complexing	soprano	talented	tenor
alone	bit	depressed	listened	lonely
continue	legacy	lonely	wil
agree	big	completely	converts	expression	feelings	stuff
16	artists	daughter	exposed	knew	loves	orbison	rock	roll	until	year
16	begin	hope
bless	missed	ones
1988	1989	bournemout	bournemouth	brings	centre	december	forgotton	home	january	ll	passed	pavillion	rip	road	start	tour	town	truly	uk	venue	westover
2010	both	boys	burnt	cash	die	door	henderson	house	jr	location	looking	next	performer	person	sir	site	stood	tennessee	visited
classics	pleasure	stumble	upon
cherish	forget	magnificent	orbison
50s	60s	beat	early	late	period	totally	unique
awesome	own	range	style
drinking	invent	machine	oh	please	self	wine
100	agree	wished
assignment	english	homework	looked	minutes	searched
cry	dare	feelings	germany	mum	passed	seldom	totally	two	vulnerable
doesn	folks	glad	hope	maybe	rock	roll	stuff
album	baby	dig	ended	ll	remember	talking	through
actually
wished
junk	radio	rock	sirius	sucks
disc	gold	hank	locklin	recorded	selling	top
ain	classics	stuff
cramer	delivery	distinctive	floyd	ivorys	legend	locklin
25	anything	stand
dad	mom	western
17	falling	school
banging	dad	incredible	kitchen	recordings
hits	infomercial	jukebox	tv
amen	blessing	everyone	knows	yet
hank	hits
comment	funniest	lmao	saw
facebook	let	lie	liked	photo	post	ricky	shared
laura
bad	hates	laura	sister
grandparents	least	means	named	quite
background	barely
childhood	friends	grandpa	serious
fogerty	john
gladys	hearing	knights
john	tired
favorites	sharing
favorites	posting	shame	used
awesome	dies
behind	childhood	screen	sharing
anybody	piano	posting	robertson
posting
fans	fashioned	keep	post
advice	once	replying
matter
faithful	infidelity	losing	married	sentiment	temptation	uncomfortable
locklin	opinion
performance	rock	stars	used
27	taste
happened	isn	mean
hip	let	low	meaning	rap	take
500	appreciate	ask	convinced	stone	transplant
daughter
englebert	low	once
last	special	waltz
also	handsome	touching	woo
artist	became	explain	feelings	global	legend	star	start	suddenly	superstar
course	englebert	sung
doc	fall	peace
change
happy
actually	describes	golden	melody
darling
englebert
belongs	everyone	legend	loves	sang
someday	wedding
compose	decades	memorable	touching
brought	dancing	strickly
also	passed	whenever
genre	lover
10	11	amazingly	getting	mesmerizing	scale	sharing	superb	thx	undoubtedly	waltz
concert	dream
part
peace	sweetest
break	everyday	lonely	start	wake
1967	blasted	cassani	comes	course	engelbert	innamoro	italian	maro	melody	obscure	panzeri	parrot	quando	records	stratosphere
beauty	grandmother	pure
artist	grew	mom
14	cousin	learn	yrs
existed	magnificent
appeals	artists	found	generations	modern	sung
forget	record	walked	wife
both	cloudy	freedom	ones	presence
appear	mankind	ones	stay
describes	golden
2019	happened	romance
genre	meaning	teen
arms	cause	hold	loving	painful	till
grew	number	soulful	tired
cloud	computing	lost	mans
truly	uploading
break	everyday	sleep	try	wake
class	eurovision	recorded
looking	power
bless	care	take	wife
irreplaceable	untouchable
else	guys	off	please	profiting	talent
cruel	ended	ironic	punishment	reckon	worlds	worst
lonely
beauty	broken
appreciate	between	clip	each	everyone	far	feedback	hi	left	memories	messages	read	watched
class	crafted	massively	musicians	perfectly	performed	underrated
big	catchy	harmonies	hum	intro	once	proper	record
happy	sings
70s	class	written
2019	30th	happy	january
1st	classics	clubs	europe	germany	hey	honeymoon	in2	message	scan	tips	weeks
comments	editing	posting	watching	worthwhile
almost	ignore	impossible	intoxicating	intro	naturally
adele	eat	etc	harmonies
hits	millions	soul
intro	masterpiece	match
1st	21yr	accurate	daughters	describing	elle	especially	grace	written
follow	harmonies	maker	number	trust	uk
intro	orchestration	ruins
compose	guys
appreciated	carolinas
dying	eh	slowly
vocals
consolation	early	far	hope	katharina	learn	loss	sorry	sweet
50	60	80	heaven	proper	ruby
usa
retarded
teresa
brewer	evening	hill	mockingbird	spend	talented	woman
50	alongs	bird	brewer	covers	dinah	early	ford	hill	hits	instead	interpretation	late	les	lullaby	mary	missed	page	patti	paul	sang	shore	sixties	sleepy	teresa	using	wake
hill	mockingbird	place
america	found	icon	rip
recordings
mind	peace
cheezoid	complex	glad	likes	superiority	used
miss	teresa
book	dynamite	miss	oldies	replaced	topped
gentle	loping	sweetest	teresa
docambra	give	notice	permission	remain	won	wouldn
earth	heaven	ll	nearest
almost	billy	earth	handsome	sings	unbelievably
billy	copy	eckstine	gras	mardi
sarah	unique	vaughan
76	gives	goosebumps	handsome
close	follow	perfect
1954	billy	eckstine	timeless	top
handsome	heavenly	looks	met
exquisite	justice	mans	posting	remarkable	unique
posting
male	recordings	sinatraphile	truly
billy	fabulous	underrated
1930	1970	history	knew	lived	magic
exquisite	mandolin	piece
anybody
renamed	rendition
blood	carlos	flesh	thompson
difference	hearing	keep	noisy	tunes
11	17	18	baby	granddaughter	nine
end	head	musical	slap
became	crap	enough	everywhere	radio	respectable	rock	roll	used
naughty
environmental	file	impact	statement	town	whirl
12	scary
everyone
ads	belong	care	donald	epic	greeted	group	hillary	message	pissed	political	trump
breath	exercise	literally	needs	son	takes
adult	adults	beings	bringing	brought	children	consider	future	given	hands	human	incredibly	instead	lies	names	playthings	scary	stupid	whose
baby	parents	told
baby	door	exactly	next	nine	told
cell	download
insinuations	lyric
50	boo	pure	rock	roll	white
dislike
connotations	different	lane	naughty	shady
almost	couple	met	often	rip	ruby
15	17	accident	bike	died	jimmy	nana	scary	story	year
goodbye	jimmy
channel	found	guessing	jerry	posted	said	vale
commented	figured	jerry	seems	vale
daughter	living	loves	room	sway	swing	weak	year
highest	leave	startled	volume
apart	arte	couple	el	en	heaven	met	show	ti	used	writer
16	legendary	na	please	type
english	later	learn	said	sway	weak
chocolate	cigar	coffee	cuban	disturbing	draw	faster	imagination	need	partner
cases	language	translation
tech
bit	dancing	dean	headphones	pretend
versions	year
father	lately	listened	sang	sometimes
buble	dean	martin	michael	prefer	spanish
bottle	carnations	champaign
curtis	discovering	least	photo	pleasant	resembles	tony
backing	dickie	looking	need	valentine
performance	terrific
1958	big	charismatic	couple	crown	door	frankie	gilmorton	green	hits	hotel	local	sang	strength	tower	uk	vaughan
1952	1957	1958	certain	comment	dickie	frankie	further	international	male	mr	nme	poll	presley	previous	running	slot	taking	top	uk	valentine	vaughan	vocalist	vocalists	voted
billy	flowed	fury	isn	though	totally	unacceptable
billy	fury	predating
1955	april	charts	listed	march	popular	uk
channel	congratulation	discover	france	hello	pleasure	sharing	sincerely
ancient	break	regret
mans	stops	texting	whose
form	greetings	netherlands
done	release
actress
forgot	gorgeous	hello	woman
almost	bring
actor	crowd	end	image	tragic
covered	mean
course
30s	60s	70s	74	alive	brenda	buried	ending	forgotten	happy	historical	lee	sironaca
inverted	men	once	upon	women
everyday	last	treat
departs	everything	fades
emotional
oh
end	meaning
anything	done	everyone	forgets	help	hoping	meaningful	might	outstanding	pay	person	repay	sees	selected	shots	together	wanted
brenda	lee
crap	felt	holy	next	serious
tube
actors	index	interesting	movies
relevant
10m	change	communicate	fans	knowledge	language	sironaca
effect	enough	funny	including	relationships
magic	sway	technique	weak
bless	dean	martin	soul
failing	fight	headphones	platform	train	trying	urge	waiting	walk	xd
gold	pure
bs	democrat	everytime	spewing	starts	violins
darkness	different	flower	guess	interpret	light	rising	sun	talk
child	especially
60s	70s	attraction	beauty	faces	full	natural
appreciate	green	listener	sings
045	artist	birds	clip	mean	showing	sings	snow	stars	storm	sung	two
during	hanged	lived	mind	probably	racism	remember	sometime
big	word
heartbreak	pain	suckers
handsome	past	present
davis	difference	least	puts	seeing	skeeter
intelligent	later	nicer	women
cherish	moment	reason
screen	silver	stars
although	bogged	breaks	everything	feels	recover	relationship	takes
actors	compilation	compliments	genius	hard	pure	screen	silver	sironaca
able	add	addition	alan	barrymore	clift	credit	dean	extra	ford	glen	golden	half	hollywood	james	john	ladd	list	men	offhand	past	picture	running	shown	sophia	spencer	stars	stills	stumped	though	tracy	veronica	wayne	women
let
ability	express	meaning	point	unable
also	belief	reflects
advance	comment	corresponding	movies	pictures	please	tag
1963	27	cause	incredible	living	missing	released	saying
planet
abandant	blessing	divine	eternal	grace	hard	promise	receive	recognition	reward	selves	through	waiting	welbeing	welfare	working
anything	doing	sounded
automatically	bethesda	fallout	gaming	personally	playing	started	until
goodnight	listened	thankfully
gold	recommended
actress	background	cigarette	clip	glass	hand	holds	photo
anything	broken	hearts	help	hurting	sorry
brenda	collection	dopamine	however	lee	otherwise	outstanding	place	seems
names	photos	posted	recognized
assured	forgotten	list	rest	restore	sorry
slides	stars
iconic	images	job	movies	perfect	sironaca	special
full	loving	person
150	blame	boring	cookie	crop	cutter	duration	entire	fry	teachers	use	vocal
experienced
actresses	distinguish	gone
actress	close	dark	face	featured	haired	half	through
angel	dynamite	men	miss	peace	second	sent	women
interpretation	woman
angel	dreaming	human	slap	wake
expressions	face	fits	pictures	story	whole
chen	end	genuinely	peter	sung	touching
briefly	glad	joy	leave	left	shared
absolutely	gut	quite	sang	sorry	unusual	wrenching
arrangement	distraction	huge	images	jumping	poor
changes	everyone	happen	happened	lost	thinking
touching
full	give	melancholy	sorrow	use
devastated	feels	stops	yet
dynamite	modern	perform	superb
couples	heavenly	legends	overlapped	screen
melody	performance	unbelievable
barely	brenda	favorites	fifteen	goodness	heartstrings	herself	home	lee	list	reality	sang	set	torch	understood	younger
asking	bless	dear	friends	offering	protect	wherever
absolutely	brings	story
apart	ll	meaningful	powerful	soundtracks
compared	garbage	todays	total
affair	ends	moment	separated
between	frames	off	putting	strange	transition
50	brenda	full	heaven	tire
37	emotional	goddard	paulette
choir	ear	left	middle	million	perfect	piano	stereo	strings
against	battle	ensues	glorious	gun	last	stand	tyranny	vigilante
actress	woman
flows	opinion
almost	classy	describe	horny	rebellious	story
dynamite	lil	miss	shes
brenda	brings	davis	job	originally	skeeter	sung
cant	greats
53	certainly	film	fits	star	superb
almost	female	rock	roll	vocal
40	anybody	cute	recognize	unforgettable	woman
child	comfortable	command	concert	deliver	ease	effortlessly	flat	presence	prodigy	seemed	signature	special	vibrato	vocalist
baby	boomer	doubt	experience	ones	post	sadly	seem	shame	war
add	black	coupled	easily	effect	enhance	gone	hey	magic	pace	photographs	plaintive	sadder	slower	sparkle	white
audio	create
books	english	learn	messages
either	grandpa	send
commercial	hilarious	samsung	somehow	until
happy	newcomers	older	retarded	turn	wonder
glory	jeans	morning	soon	wakes
funny	gets	jackson	legend	michael	radio	regarded	though
also	behind	co	crap	crowd	himself	history	knew	plus	rest	sadly	sell	stage	tunes	wrote
cds	dustbin	gary	glitter	probably	throwing
gang	leader
everybody	excuse	honest	liking	nonce	rest
care	done	remains
committed	crime	discussing	sick
funky	gen	instruments	parents	used
cool	exceptions	frankly	meaningful	nicely	performed	rhythm	seventies	significance	signified	sort	tunes
black	community	group	living	moving	perform	shows	stay	swoon	talent	tavares
amazingly	gorgeous	titans
certain	scene	supernatural
car	fire	star	titans	waking
india	series	titans
fade	taking
mom	playing	sharing
structured
curious	living	members	tavares
bought	happy	supernatural	yeah
angel	creation	foundation	principle	reason	values	wings
dancing	disco
angel	arm	beegees	beethoven	boat	couples	cruise	dancing	disco	elaborate	fever	fifth	fires	gorgeous	happy	heaven	imagination	instrumental	kissing	missing	must	night	princess	saturday	sea	ship	shoulder	though	walking
cannot	handsome	stil
golden	pleasure	priceless
college	drum	excellent	horns	line	percussion	perform	show
18	die	honestly	masterpiece
gold	matter	remain	timeless
comment	future	leave	ll
crying	killing
earth	heaven	shine	shined	ya
2019	born	others
falling	rain
awakened	dream	scared	vivid
cry	hold	legends	myself
10	least
carpenters	gets	perfect	privilege	representation
bag	beaten	birds	cat	morning	natural	paper	pure	spring	talent	type	unlike	wake	whose
expensive	iconized
20	born	browsing	father	found	teenager	while	year
controls	each	note	notes	quality	unimaginable
born	year
blocks	box	comments	hey	move	please	sort	texting
clear	english	karen	mother	pronunciation	rare	sings	tongue	word
breaking	cry	part
bit	cry	hell	mean	surely
abroad	appreciate	english	happy	looking	lyric	spend	studying
bless	comment	read
15	crying	damn	kinds	likes	reincarnated
60s	backing	born	oh	sometimes	vocals
butter	cant	describe	honey	running
calmness	comes	happiness	smile
auto	form	funny	generations	grandparents	introduction	lest	listened	listeners	parents	truer	tuned	youth
choir	glad	head	learn	stuck
close	different	yesterday
ones	remains
daughter	likes
art	artists	develop	given	millions	piece	pleasure	vocal
clear	colorful	die	karen	unique
goes	memory
became	cause	crush	favourite	friends	home	knowing	repeat	search	talking
biggest	carpenter	effortless	far	inspiration	karen	own	performing	practice	pure	recordings	use
born	clearly	creation	credit	documentary	geniuses	gift	given	iconic	learned	responsible	style	success	two	watching
female	hands
nonsense	timeless
cruel	darkness	short	surrender
70s	bad	billboard	brown	kept	leroy	possibly	rock	slot	stupid	written
30	32	combination	credit	depressing	deserved	duo	emotions	female	guess	hits	imagine	musicians	passed	personally	probably	relate	richard	said	sang	through	truth
artist	break
attention	bring	disease	disorder	eating	foundation	lost	needs	passed	prevalent	question	society	soon	superstars	tragedy	two
course	drum	famous	oh	splendid	track
appreciated	game	recall	reference
please	share	similar
already	dare	watching
mean
car	door	drive	hang	movies	speaker	window
asleep	crying	fell	sister	started
brings	ironic	must
2019	anyway	likes	listens	mom	sings
attention	beating	bless	clean	crap	draw	garbage	karen	others	resort	themselves
ages	describe	perfection	smooth
others	touches	typing
detailed	evergreen	everything	moving	musics	quick	rip
1969	1973	album	bought	dad	early	far	mother	singles	touch	vocals
darn	onions	running
backs	future	hope	memories	service
admit	grew	ll	part	wasn
however	soul
grandparents	hanging	parents
alone	happened	hip	hop	rap	together
cover	feedback	give	hope
bankrupt	brother	hope	lived	off	problem
1st	70	background	chorus	comma	half	melody	noticed	piano	riff	shines	sings
disliked	taste
truly
imitated	once	resonance	totally	unique
gave	speak	team	themselves
clear	crystal	else	melancholy	recreate	remarkable
casper	change	key	recorded	ride	ticket
dear	weekend	wishes
laugh	liking
artist	beautifully	female	match	written
absolutely	devastating	loss	sends	shivers	spine
affluence	disturbing	masterpiece	necessary	richness	state	valued
excited	knows	night
industry	loss	tragic	unique
bloody	drums	heartfelt	lost	problem	recluse	sadly	soulful	unheard	wanted
realized
birth	death	perception	sorrow	suffering
almost	apologize	charge	completely	discharged	phone	preserve
000	100	bankrupt	barbados	becomes	billion	billions	business	carlos	comes	company	concern	concerns	director	dollar	fall	further	goes	hinds	holders	invest	king	lawyers	managing	peter	share	suicide	zulus
height	left	prime	talented
timeless	truly	wonder
behind	clear	damn	effortless	ended	karen	left	rip	seemed	soon	taken	woman
able	arranged	brother	crafted	credit	enough	gets	quieted	repackage	richard	shame	soon	wonderfully
soul	touches
bad	childhood
400	bought	btw	carefully	curios	daughter	doll	dollars	googled	indeed	karachi	listened	loops	low	pakistan	part	preset	quality	rupees
close	five	happy	matter	seconds
body	melodious	sings	sweeter
act	allergies	died	everytime	lose	start	watering
asking	blacklane	bolt	boot	car	class	fresh	off	pie	sense	shove	steamer
america	comment	nam	radio	saw	viet
couldn	depressed	done	everything	fixed	help	sadder	undo	wished	yourself
30	awakening	chopin	cried	ending	kate	last	minutes	reading	straight	while
latina	mixed	race
90s	child	house	incredible	track
accent	although	dc	moan	southern
2019	disco	fresh	house	often	shows	timeless
14	bell	concerning	end	fashionable	guess	hair	shape
black	either	mixed	race
1980	1981	90s	attempts	dead	declined	disco	july	lived	rapidly	revival	short	totally
especially	happier	itsliverpool	liverpool	low	making	track
doing	done	dream	gifted	tender	wonder
25	business	couldn	hair	million	oh	popular	presence	retired	show	showed	stage	wasn
adorable	also	beyond	complexity	nuance	yet
also	due	enough	full	fully	hits	knew	lived	maybe	popular	problem	rated	stay	together	underappreciated	underrated
beauty	black	blow	call	channel	english	laugh	longer	playing	staves	super	though	tire	tony	windy	wold
beatles	cares	clearly	conversation	harmonies	history	hollies	level	match	part	regard	took	vocal
ahead	end	guys	harbor	hey	horn	instinctively	kinds	laugh	looking	looks	nash	noticed	often	ships	towards	turns	wondered
clapping	crazy	everyone	fantasize	going	guys	laugh	playing	told
1966	67	anybody	beginning	both	ears	else	familiar	following	hearing	hey	hollies	melody	memories	might	parallel	seems	versa	vice	whispering	wondering	wrote
attention	course	paid
150	1930s	actually	attack	future	herbert	hitler	next	novels	predict	predicting	predictions	series	shape	soviet	start	tried	union	wells	went	wrote	wwii
commented	gas	kid	register	station	stopped	store	system	yesterday
bad	camera	deserved	dominates	equal	especially	face	instruments	lead	members	recognition	since
14	agree	british	grew	invasion	matter	person
compare	cooler	future	guys	soldiers	tomorrow
already	biography	crossed	fans	making	mind	themselves	two	write
afraid	answer	expert	give	guitarist	looks	straight
80s	anybody	beatles	else	getting	influential	ironically	likes	once	saw	sounding	started	stop	tunes	type
actually	admit	blown	embarrassed	listened	took
audience	checked	doc	doesn	dream	hypnotizes	might	need	puts	race	state
apparently	birth	died	dude	end	gospel	jesse	late	named	resemblence	striking	tomorrow	twin
elders	gives	headache	honest
agree	crap	gang	garbage	gucci	king	let	magnificent	person	please	replace	rolex	rude	seriously	wait
beach	dream	hawaii	partner	wanna
4th	selling	worldwide
born	circle	comment	dont	jerk	kids	ones	section	smart
20th	artists	century	guys	mail	recognizable	special
carefully	story	tells
brought	glad	hearts	king	lived	lives
charming	mother	must	naples	speak	tongue
17	40s	50s	60s	alternative	basic	bold	compared	conclusion	currently	existent	experience	explicit	fossils	group	historic	however	illicit	isn	modern	non	others	past	points	profane	realise	taste
2019	2040	80s	evoke	evolution	response	similar	year
creation	evergreen	melodious	sweet
matter	repeated	tired
behind	broke	crazy	decide	dizzy	everytime	excitement	exciting	fear	night	person	running	star	stop
almost	change	months	nothings	read	remember	strong	wuv
15	1998	22	boyfriend	husband	last	send	since	together	valentine
aren	bullshit	give	written
gave	person	thumbs
1988	appreciated	backup	change	especially	fool	going	having	incase	might	otherwise	plan	ready	sacred	track	upload	via
afternoon	beach	breeze	california	cool	dress	faded	floaty	late	levis	linen	refreshing	sand	shirt	suggestive	summer	walk	white
gone
brains	deserves	despecio	humans	light	outbeats	swift	taylor	trillion	views	wonder
breath	certain	gave	held	hug	hugs	mind	omg	takes	thinking	tight
1987	fucking	getting	laid	looked	must	shawn
changes	crucifix	lets	okay	shirt	three
1980	certainly	focus	soft
80s	during	especially	overplayed	perfect	weddings
banger	matter	missing	year
call	deserver	evergreen	happiest	moment	priceless	thousand
bad	change	crying	going
everytime	question	radio	touch
42	born	kids	lucky	proud
bad	caught	change	detention	ll	since	sings	teacher	wonder
attractive	boy	dude	huge	natural	pinup	screen	seemed	side	soft	star	teenage	typical
18	change	loving	married	truly	wife
2018	add	couple	honest	idea	innocence	kid	seems	sung	until	weeks
benson	classified	feelings	george	glen	overall	popstars	sang	wonder
attention	create	inside	snatched	taught	uncle
although	blue	budget	front	lowest	probably	screen
aged	almost	cute	downhill	guess	handsome	harder	looked	looks	middle	naturally	preserve	though	typical	worked
ages
80	90	born	though	wasn	yet
blessed	brightens	face	hard	lost	melts	send	stars	stop	sweet	thinking	thoughts	wait	walker	wanna
complaining	guys	ll	stop
chock	college	cool	curious	educator	emerge	full	hi	himself	imho	mr	ones	prep	president	reinvent	school	went
behind	etc	modern	take
actually	looks	meant	videos
2017	cry	everytime	funny	girlfriend	hope
innocent
beat	excellent
easy	exactly	innocent	simple	wants	woman
currently	going	husband	meaningful	present	reduced	sent	through	tough
quite	record
ain	amen	peace	performance	rest	scott	shine	sun	talent
background	definitely	performed	vocals
awesome	limitlessly	parallel	reincarnated	universe
beginning	cause	cockamame	dead	door	dream	idea	improvement	light	loving	lucky	mean	move	rest	room	second	seeing	special	tunnel	wait
group	studio
frankie	mind	must	recollection	slow	thinks	valli	walker
fast	four	horrible	seasons	thinks
apparently	myself	need	supernatural
gets	looking	lose	son	wife
arms	downy	easily	fore	hair	interesting	means	scott	technology	tendons	todays	veins	vintage
60	along	appeared	association	case	comes	info	interested	jim	mary	realize	recording	show	smothers	sophisticated	technology	tube	yester
50	60	70	appearances	artists	easy	engineer	frequently	making	need	needed	studio	technique	tracks	used	weren	whenever
bass	cool	easy	echoed	emptiness	excellent	four	going	line	lose	lyric	miss	piano	place	seasons	spectorish	start	stuff	win
further	guys	theme
1966	20	ain	also	among	aren	aware	beatles	charting	club	especially	fact	fan	girls	high	larger	lead	less	number	particularly	popularity	reached	said	scott	shine	successful	sun	teenage	uk	vocalist	walker
1965	1966	2019	december	frankie	justice	label	originally	recorded	released	smash	successful	valli	walker
11	19	29	end	keep	powerful	timeless	until
beyond	eternal	idea	theme
else	father	morning	nearly	passed	shine	smiling	somehow	sun	thinking	track
000	50	80	agree	ain	alone	company	funny	garbage	itunes	marin	mr	none	shine	stand	stands	sun	surname	trio	walker	wholeheartedly
america	american	britain	due	famous	history	righteous	walker
alike	artistically	both	confuse	deal	deserve	groups	magnificently	masterpiece	outstanding	probably	reason	respect	righteous	sung	unforgettable	walker
2019	28	aloud	apt	four	listens	loving	second	sept	three	trick
head	ones	rings	shine	sun
60	couple	instruments	missed	posting	ran	somehow	weeks
10	doomsday	knowing
clarity	depth	deteriorated	male	timber	vocalist
definitely	five	tire	top
bad	create	history	master	musical	pieces
break	crazy	drama	easy	meaning	take	yourself
dead	glorious	musicians	shared	wake
60	available	beautifully	crafted	defining	equipment	given	haunting	moving	recording
artists	fame	lust	nobody	sucks	touching	write
each	listened	million	perfect
19	60s	additional	blows	correct	drummer	format	headphones	hearing	hidden	kan	magnificent	mind	off	player	presenting	production	ps	record	somewhere	stereo	thru	try	uk
beam	captured	died	download	own	scottie	shined	since	sun	yet
company	create	intelligible	orchestra	overwhelmed	record	vocals
awful	camera	clever	clip	considered	despite	irritating	obscuring	performance	perhaps
detract	difficult	elsewhere	imprinted	mind	once	tight	trousers
innocence	kinds	pure	spirted	vocals
arrangement	compare	doesn	harmony	ll	past	perfect	super
60s	ballads	engel	full	given	masculine	melancholy	mid	scott	throttle
going	ricky	watch
bass	bottom	home	whopper
80	90	bass	classics	early	florida	honestly	lock	mid	south	through	whole
agree	anything	ask	cookout	fits	genders	hey	let	party	races	seemed	situation	type	ya
beat	coincide	degrade	diss	downgrade	innovate	inspire	lost	na	need	purpose	sha
felt	men	soft	told	try	women
bit	email	information	intended	months	next	schedule	solely	week	weeks
comments	dumb	exactly	means	nor	others	tomorrow	twice	whatever
await	ball	dudes	imagine	leo	less	masterpieces	natural	passed	radio	talent	tarts	wailing	written
enchanced	graphics	hd	simplistic	special	yet
end	happens	paint	wearing
cute	grandma	smile	street	sweet
amount	dog	included	myself	powerful	seeing	source	sweet	twitter	unbelievable
chihuahua	dog	herman	intelligent	jack	lola	loving	malinda	mix	owned	rescue	russell	sensitive	terrier
different	format	prefer	soothing
able	beauty	bottom	delivered	message	tomorrow	twice	unfortunately	weight	word	youngsters
advance	chorus	com	goes	hard	https	months	off	remember	s160cdsw59ye	similar	starts	trying	vocaroo
boyfriend	future
special
girlfriend	happened	marry	scruffy	unattractive	wonder	zealand
bulls	epileptic	feels	noise	seized
cars	clear	drive	late	night	relaxed	streets	vibe
california	car	desert	driving	golden	imagine	moment	roadway	sunset	through	warm
dear	film	permission	short	sir	use
forget	gives	leo	memorable
boot	looking	talented
80s	broadcast	classics	early	huge	radio	streaming
70	80	art	care	musics	part	signers
bit	breath	gather	take
cry	mean
else	gift	giving	goes	keeps
dancing	friends	keep	mind	physically
annoying	assume	certainly	dancing	himself	judging	leo	listeners	sayer	viewers
crazy	eye	fell	full	insane	loud	sometime	sorrow	unsaid
action	afro	apparent	background	bizarre	bob	entire	hot	painting	reason	ross	seriously	throughout
40	brought	c9	daddy	dated	film	haven	home	instrumental	myself	sweet	vintage	yeah
80	adult	arranging	complete	couple	dozen	golden	later	melody	message	oldies	orchestration	outstanding	pull	simple	standards
countrify	course
dislike	hits	home
devices	digital	excellent	far	modern	produce	rely	versions
arts	class	fan	future	happiness	health	legenda	light	luck	musical	prof	rock	soft
accepting	big	currently	dates	dudes	ha	hair	im	international	mean	pink	range	suit
cutting	doing	gifts	giving	making	pictures
absolutely	favorites	hearing	tire
cup	extremely	isn	tea
1980	boyfriends	brother	doormat	favorites	let	safe	sort	though	use
care	clown	funny	hospitals	kids	least	leo	nonetheless	others	sick	started	thinks
going	opening	painter	richard	seeing	simmons	softly	speaks	suggest
afraid
comes	dear	glad	important
